{
  "version": 1,
  "author": "Dayllan Alho",
  "editor": "wokwi",
  "parts": [
    { "type": "wokwi-esp32-devkit-v1", "id": "esp", "top": 15.25, "left": -56.59, "attrs": {} },
    {
      "type": "wokwi-led",
      "id": "led1",
      "top": 12.34,
      "left": -163.22,
      "attrs": { "color": "white" }
    },
    {
      "type": "wokwi-led",
      "id": "led2",
      "top": 8.96,
      "left": -220.91,
      "attrs": { "color": "red" }
    },
    {
      "type": "wokwi-led",
      "id": "led3",
      "top": 10.85,
      "left": 95.93,
      "attrs": { "color": "blue", "flip": "1" }
    },
    {
      "type": "wokwi-led",
      "id": "led4",
      "top": 6.35,
      "left": 144.53,
      "attrs": { "color": "blue", "flip": "1" }
    },
    {
      "type": "wokwi-led",
      "id": "led5",
      "top": -6,
      "left": 196.57,
      "attrs": { "color": "green", "flip": "1" }
    },
    {
      "type": "wokwi-led",
      "id": "led6",
      "top": 13.07,
      "left": -292.75,
      "attrs": { "color": "red" }
    },
    {
      "type": "wokwi-resistor",
      "id": "r1",
      "top": 136,
      "left": -251.09,
      "attrs": { "value": "1000" }
    },
    {
      "type": "wokwi-resistor",
      "id": "r2",
      "top": 185.15,
      "left": -144.45,
      "attrs": { "value": "1000" }
    },
    {
      "type": "wokwi-resistor",
      "id": "r3",
      "top": 164.55,
      "left": -205.3,
      "attrs": { "value": "1000" }
    },
    {
      "type": "wokwi-resistor",
      "id": "r4",
      "top": 135.51,
      "left": 64.66,
      "attrs": { "value": "1000" }
    },
    {
      "type": "wokwi-resistor",
      "id": "r5",
      "top": 122.9,
      "left": 150.31,
      "attrs": { "value": "1000" }
    },
    {
      "type": "wokwi-resistor",
      "id": "r6",
      "top": 102.53,
      "left": 213.81,
      "attrs": { "value": "1000" }
    }
  ],
  "connections": [
    [ "esp:TX0", "$serialMonitor:RX", "", [] ],
    [ "esp:RX0", "$serialMonitor:TX", "", [] ],
    [ "esp:D21", "led3:A", "green", [ "h0" ] ],
    [ "esp:D19", "led4:A", "green", [ "h0" ] ],
    [ "esp:D18", "led5:A", "green", [ "h0" ] ],
    [ "esp:D25", "led1:A", "green", [ "h0" ] ],
    [ "esp:D26", "led2:A", "green", [ "h0" ] ],
    [ "esp:D27", "led6:A", "green", [ "h0" ] ],
    [ "led6:C", "r1:1", "black", [ "v54.87", "h0.23", "v36.06" ] ],
    [ "r3:1", "led2:C", "black", [ "v-12.73", "h-0.34", "v-52.03", "h-0.27" ] ],
    [ "r2:1", "led1:C", "black", [ "v-13.87", "h0.24", "v-74.33", "h0", "v-52.61" ] ],
    [ "r1:2", "esp:GND.2", "black", [ "h58.17", "v18.25" ] ],
    [ "r3:2", "esp:GND.2", "green", [ "v0" ] ],
    [ "r2:2", "esp:GND.2", "black", [ "v0" ] ],
    [ "esp:GND.1", "r4:1", "black", [ "h0" ] ],
    [ "r4:2", "led3:C", "black", [ "v-13.02", "h-1.5", "v-73.66", "h-1.03" ] ],
    [ "r5:1", "esp:GND.1", "black", [ "v0" ] ],
    [ "r5:2", "led4:C", "black", [ "v-11.4", "h-7.97", "v-33.18", "h-31.61" ] ],
    [ "r6:1", "esp:GND.1", "black", [ "v0" ] ],
    [ "led5:C", "r6:2", "black", [ "v28.93", "h22", "v25.34", "h29.04" ] ]
  ]
}